Department,Ministerial Group
Atlantic Canada Opportunities Agency,Economic Development
Canada Revenue Agency,Finance & Revenue
Canada School of Public Service,Government Operations
Canada Water Agency,Environment
Canadian Accessibility Standards Development Organization,Social Development
Canadian Energy Regulator,Natural Resources
Canadian Food Inspection Agency,Agriculture & Food
Canadian High Arctic Research Station,Environment
Canadian Institutes of Health Research,Health
Canadian International Development Agency,Foreign Affairs & Development
Canadian Northern Economic Development Agency,Economic Development
Canadian Nuclear Safety Commission,Natural Resources
Canadian Space Agency,Industry & Science
Correctional Service of Canada,Public Safety & Justice
Department for Women and Gender Equality,Social Development
Department of Agriculture and Agri-Food,Agriculture & Food
Department of Canadian Heritage,Heritage & Culture
Department of Citizenship and Immigration,Immigration & Citizenship
Department of Crown-Indigenous Relations and Northern Affairs,Indigenous & Northern Affairs
Department of Employment and Social Development,Social Development
Department of Finance,Finance & Revenue
Department of Fisheries and Oceans,Environment
"Department of Foreign Affairs, Trade and Development",Foreign Affairs & Development
Department of Health,Health
"Department of Housing, Infrastructure and Communities",Transport & Infrastructure
Department of Indigenous Services,Indigenous & Northern Affairs
Department of Industry,Industry & Science
Department of Justice,Public Safety & Justice
Department of National Defence,National Defence
Department of Natural Resources,Natural Resources
Department of Public Safety and Emergency Preparedness,Public Safety & Justice
Department of Public Works and Government Services,Government Operations
Department of Transport,Transport & Infrastructure
Department of Veterans Affairs,Social Development
Department of Western Economic Diversification,Economic Development
Department of the Environment,Environment
Economic Development Agency of Canada for the Regions of Quebec,Economic Development
Export Development Canada (Canada Account),Finance & Revenue
Federal Economic Development Agency for Northern Ontario,Economic Development
Federal Economic Development Agency for Southern Ontario,Economic Development
House of Commons,Parliament
Impact Assessment Agency of Canada,Environment
Library and Archives of Canada,Heritage & Culture
National Film Board,Heritage & Culture
National Research Council of Canada,Industry & Science
Natural Sciences and Engineering Research Council,Industry & Science
Northern Pipeline Agency,Natural Resources
Office of the Chief Electoral Officer,Parliament
Office of the Governor General's Secretary,Parliament
Office of the Public Sector Integrity Commissioner,Government Operations
Offices of the Information and Privacy Commissioners of Canada,Government Operations
Pacific Economic Development Agency of Canada,Economic Development
Parks Canada Agency,Environment
Privy Council Office,Government Operations
Public Health Agency of Canada,Health
Royal Canadian Mounted Police,Public Safety & Justice
Senate,Parliament
Social Sciences and Humanities Research Council,Industry & Science
Statistics Canada,Industry & Science
Treasury Board Secretariat,Government Operations
